Workbook

Sheet Instrucciones
A1: MATRIZ DE TRAZABILIDAD DE REQUISITOS — Proyecto Tripulaciones (TRI-MTZ-007)
A2: Generada automáticamente por U4A1-Trazabilidad/herramienta.py. No se edita a mano: se cambian las fuentes y se vuelve a generar.
A4: Fuentes: backlog (Backlog/Product_backlog.reqw), código (marcas @trace en U3A2-Prototipado/prototipo/index.html), pruebas (U3A2-Prototipado/pruebas/resultados_pruebas.json),
A5: necesidades (trazabilidad/necesidades.json), decisiones del CCB (trazabilidad/cambios_aprobados.json) y catálogo (trazabilidad/catalogo_artefactos.json).
A7: Hojas: Matriz principal · Trazabilidad visual (requisito × artefacto) · Resumen y métricas · Registro de RFCs · Catálogo de artefactos · Auditoría.
A9: Estados: Verificado = tiene código y todas sus pruebas pasan · Implementado = tiene código sin pruebas · Aprobado = está en el backlog, sin construir en el prototipo.
A10: Para regenerar: python3 U4A1-Trazabilidad/herramienta.py todo

Sheet Matriz principal
A1: MATRIZ DE TRAZABILIDAD DE REQUISITOS — Hoja principal
A3: ID Requisito | B3: Título del requisito | C3: Tipo | D3: ID Necesidad de negocio | E3: Actor / stakeholder | F3: Prioridad | G3: Versión del backlog | H3: Criterios de aceptación (n) | I3: Código (funciones con @trace) | J3: Implementación | K3: ID Casos de prueba | L3: Resultado prueba | M3: Fecha última prueba | N3: Estado actual | O3: RFC aprobadas asociadas | P3: Última actualización | Q3: Notas / observaciones
A4: HU-01 | B4: Registrar y actualizar tripulantes | C4: Funcional | D4: NEG-02, NEG-04 | E4: PersonalAdministrativo | F4: Alta | G4: TRI-PBL-001 v1.0 | H4: 3 | I4: — | J4: Pendiente | K4: — | L4: Sin prueba | M4: — | N4: Aprobado | O4: — | P4: 2026-10-15 | Q4: Registro administrativo; no cambia la decisión de asignación que valida el prototipo (U3A2, sección 7.1).
A5: HU-02 | B5: Registrar y actualizar tripulaciones | C5: Funcional | D5: NEG-02, NEG-04 | E5: PersonalAdministrativo | F5: Alta | G5: TRI-PBL-001 v1.0 | H5: 2 | I5: — | J5: Pendiente | K5: — | L5: Sin prueba | M5: — | N5: Aprobado | O5: — | P5: 2026-10-15 | Q5: Registro administrativo; fuera del alcance del prototipo (U3A2, sección 7.1).
A6: HU-03 | B6: Registrar y actualizar vuelos | C6: Funcional | D6: NEG-02, NEG-04 | E6: PersonalAdministrativo | F6: Alta | G6: TRI-PBL-001 v1.0 | H6: 2 | I6: — | J6: Pendiente | K6: — | L6: Sin prueba | M6: — | N6: Aprobado | O6: RFC-A1 | P6: 2026-10-15 | Q6: Registro administrativo; fuera del alcance del prototipo (U3A2, sección 7.1).
A7: HU-04 | B7: Consultar vuelos asignados | C7: Funcional | D7: NEG-04 | E7: PilotoCopiloto | F7: Alta | G7: TRI-PBL-001 v1.0 | H7: 2 | I7: vMisVuelos | J7: Prototipo v0.2 | K7: P15, P16 | L7: Pasado 2/2 | M7: 2026-10-14 | N7: Verificado | O7: — | P7: 2026-10-15
A8: HU-05 | B8: Consultar características de un vuelo | C8: Funcional | D8: NEG-04 | E8: MiembroTripulacion | F8: Alta | G8: TRI-PBL-001 v1.0 | H8: 1 | I8: fichaVuelo, vVueloOperador, vTodos, vVueloTripulante | J8: Prototipo v0.2 | K8: P18 | L8: Pasado 1/1 | M8: 2026-10-14 | N8: Verificado | O8: RFC-A1 | P8: 2026-10-15
A9: HU-06 | B9: Registrar resultado de simulación | C9: Funcional | D9: NEG-01, NEG-02, NEG-05 | E9: Piloto | F9: Alta | G9: TRI-PBL-001 v1.0 | H9: 2 | I9: vResultado, ligarResultado | J9: Prototipo v0.2 | K9: P21, P22 | L9: Pasado 2/2 | M9: 2026-10-14 | N9: Verificado | O9: RFC-C4, RFC-B1, RFC-C2 | P9: 2026-10-15 | Q9: El resultado anterior se conserva en el historial (criterio del backlog); el caso de estudio dice que se elimina. Resuelto en RFC-B1.
A10: HU-07 | B10: Recomendar tripulación según escenario más aproximado | C10: Funcional | D10: NEG-03 | E10: OperadorVuelo | F10: Alta | G10: TRI-PBL-001 v1.0 | H10: 2 | I10: distancia, masCercano, ranking, vVueloOperador | J10: Prototipo v0.2 | K10: P02, P03, P10, P11, P12, P23 | L10: Pasado 6/6 | M10: 2026-10-14 | N10: Verificado | O10: RFC-A3, RFC-A1, RFC-B1, RFC-C2 | P10: 2026-10-15 | Q10: DEF-01 y DEF-07 abiertos (empate y falta de explicación).
A11: HU-08 | B11: Asignar tripulación a un vuelo | C11: Funcional | D11: NEG-03 | E11: OperadorVuelo | F11: Alta | G11: TRI-PBL-001 v1.0 | H11: 2 | I11: vVuelos, vVueloOperador, abrirConfirmar | J11: Prototipo v0.2 | K11: P01, P04, P05, P06, P07, P08, P13, P14 | L11: Pasado 8/8 | M11: 2026-10-14 | N11: Verificado | O11: RFC-A3, RFC-A2, RFC-B1, RFC-C2 | P11: 2026-10-15
A12: HU-09 | B12: Alertar simulación anual pendiente | C12: Funcional | D12: NEG-01 | E12: Piloto | F12: Media | G12: TRI-PBL-001 v1.0 | H12: — | I12: — | J12: Pendiente | K12: — | L12: Sin prueba | M12: — | N12: Aprobado | O12: RFC-A3, RFC-C4 | P12: 2026-10-15 | Q12: Alerta de simulación anual; requiere calendario y notificaciones (RFC-A3, CCB 13/10/2026).
A13: HU-10 | B13: Gestionar catálogo de escenarios | C13: Funcional | D13: NEG-02, NEG-05 | E13: AdministradorSistema | F13: Media | G13: TRI-PBL-001 v1.0 | H13: — | I13: — | J13: Pendiente | K13: — | L13: Sin prueba | M13: — | N13: Aprobado | O13: RFC-A1 | P13: 2026-10-15 | Q13: Gestión del catálogo; el prototipo trae escenarios fijos.
A14: HU-11 | B14: Reportes históricos de desempeño | C14: Funcional | D14: NEG-01 | E14: OperadorDireccion | F14: Baja | G14: TRI-PBL-001 v1.0 | H14: — | I14: — | J14: Pendiente | K14: — | L14: Sin prueba | M14: — | N14: Aprobado | O14: RFC-C4, RFC-B1, RFC-C2 | P14: 2026-10-15 | Q14: Reportes históricos; dependen del histórico de RFC-B1.
A15: HU-12 | B15: Notificación de cambio de asignación | C15: Funcional | D15: NEG-04 | E15: UsuarioSistema | F15: Baja | G15: TRI-PBL-001 v1.0 | H15: — | I15: — | J15: Pendiente | K15: — | L15: Sin prueba | M15: — | N15: Aprobado | O15: RFC-A2 | P15: 2026-10-15 | Q15: Notificaciones; dependen de RFC-A2 (Sprint 5).
A16: RNF-01 | B16: Seguridad basada en roles | C16: Restricción | D16: NEG-04 | E16: Sistema | F16: Alta | G16: TRI-PBL-001 v1.0 | H16: 2 | I16: NAV, permitido | J16: Prototipo v0.2 | K16: P17 | L16: Pasado 1/1 | M16: 2026-10-14 | N16: Verificado | O16: RFC-A3 | P16: 2026-10-15 | Q16: Parcial: rol simulado con selector; sin inicio de sesión real.
A17: RNF-02 | B17: Auditoría de asignaciones | C17: Restricción | D17: NEG-03 | E17: Sistema | F17: Alta | G17: TRI-PBL-001 v1.0 | H17: 2 | I17: abrirConfirmar, vAuditoria | J17: Prototipo v0.2 | K17: P09 | L17: Pasado 1/1 | M17: 2026-10-14 | N17: Verificado | O17: RFC-A2, RFC-B1, RFC-C2 | P17: 2026-10-15 | Q17: Parcial: el historial registra vuelo, tripulación, motivo y fecha; falta usuario autenticado y valor anterior.
A18: RNF-03 | B18: Disponibilidad continua | C18: Restricción | D18: NEG-04 | E18: Sistema | F18: Media | G18: TRI-PBL-001 v1.0 | H18: — | I18: — | J18: Pendiente | K18: — | L18: Sin prueba | M18: — | N18: Aprobado | O18: — | P18: 2026-10-15 | Q18: Disponibilidad 24/7; no medible en un prototipo local.
A19: RNF-04 | B19: Rendimiento en consultas | C19: Restricción | D19: NEG-04 | E19: Sistema | F19: Media | G19: TRI-PBL-001 v1.0 | H19: — | I19: — | J19: Pendiente | K19: — | L19: Sin prueba | M19: — | N19: Aprobado | O19: — | P19: 2026-10-15 | Q19: Rendimiento; sin backend no hay tiempos reales que medir.
A20: RNF-05 | B20: Integridad de la sincronización con el simulador | C20: Restricción | D20: NEG-05 | E20: Sistema | F20: Media | G20: TRI-PBL-001 v1.0 | H20: — | I20: — | J20: Pendiente | K20: — | L20: Sin prueba | M20: — | N20: Aprobado | O20: RFC-B1 | P20: 2026-10-15 | Q20: Sincronización con el simulador; el simulador es externo y el prototipo no se conecta.
A21: RNF-06 | B21: Usabilidad móvil | C21: Restricción | D21: NEG-02 | E21: Sistema | F21: Baja | G21: TRI-PBL-001 v1.0 | H21: — | I21: Estilos para pantallas móviles | J21: Prototipo v0.2 | K21: P24, P25, P29 | L21: Pasado 3/3 | M21: 2026-10-14 | N21: Verificado | O21: — | P21: 2026-10-15 | Q21: Cumple en 375 px de ancho (DEF-02 corregido).

Sheet Trazabilidad visual
A1: TRAZABILIDAD VISUAL — Requisitos × Necesidades × Código
A3: ID Req. | B3: Título | C3: NEG-01 | D3: NEG-02 | E3: NEG-03 | F3: NEG-04 | G3: NEG-05 | H3: Estilos para pantallas móviles | I3: NAV | J3: abrirConfirmar | K3: distancia | L3: fichaVuelo | M3: ligarResultado | N3: masCercano | O3: permitido | P3: ranking | Q3: vAuditoria | R3: vMisVuelos | S3: vResultado | T3: vTodos | U3: vVueloOperador | V3: vVueloTripulante | W3: vVuelos | X3: Pruebas (n) | Y3: RFC aprobadas (n)
A4: HU-01 | B4: Registrar y actualizar tripulantes | D4: ✓ | F4: ✓ | X4: 0 | Y4: 0
A5: HU-02 | B5: Registrar y actualizar tripulaciones | D5: ✓ | F5: ✓ | X5: 0 | Y5: 0
A6: HU-03 | B6: Registrar y actualizar vuelos | D6: ✓ | F6: ✓ | X6: 0 | Y6: 1
A7: HU-04 | B7: Consultar vuelos asignados | F7: ✓ | R7: ✓ | X7: 2 | Y7: 0
A8: HU-05 | B8: Consultar características de un vuelo | F8: ✓ | L8: ✓ | T8: ✓ | U8: ✓ | V8: ✓ | X8: 1 | Y8: 1
A9: HU-06 | B9: Registrar resultado de simulación | C9: ✓ | D9: ✓ | G9: ✓ | M9: ✓ | S9: ✓ | X9: 2 | Y9: 3
A10: HU-07 | B10: Recomendar tripulación según escenario m | E10: ✓ | K10: ✓ | N10: ✓ | P10: ✓ | U10: ✓ | X10: 6 | Y10: 4
A11: HU-08 | B11: Asignar tripulación a un vuelo | E11: ✓ | J11: ✓ | U11: ✓ | W11: ✓ | X11: 8 | Y11: 4
A12: HU-09 | B12: Alertar simulación anual pendiente | C12: ✓ | X12: 0 | Y12: 2
A13: HU-10 | B13: Gestionar catálogo de escenarios | D13: ✓ | G13: ✓ | X13: 0 | Y13: 1
A14: HU-11 | B14: Reportes históricos de desempeño | C14: ✓ | X14: 0 | Y14: 3
A15: HU-12 | B15: Notificación de cambio de asignación | F15: ✓ | X15: 0 | Y15: 1
A16: RNF-01 | B16: Seguridad basada en roles | F16: ✓ | I16: ✓ | O16: ✓ | X16: 1 | Y16: 1
A17: RNF-02 | B17: Auditoría de asignaciones | E17: ✓ | J17: ✓ | Q17: ✓ | X17: 1 | Y17: 3
A18: RNF-03 | B18: Disponibilidad continua | F18: ✓ | X18: 0 | Y18: 0
A19: RNF-04 | B19: Rendimiento en consultas | F19: ✓ | X19: 0 | Y19: 0
A20: RNF-05 | B20: Integridad de la sincronización con el s | G20: ✓ | X20: 0 | Y20: 1
A21: RNF-06 | B21: Usabilidad móvil | D21: ✓ | H21: ✓ | X21: 3 | Y21: 0
A23: Cobertura (%) | C23: =COUNTIF(C4:C21,"✓")/18 | D23: =COUNTIF(D4:D21,"✓")/18 | E23: =COUNTIF(E4:E21,"✓")/18 | F23: =COUNTIF(F4:F21,"✓")/18 | G23: =COUNTIF(G4:G21,"✓")/18 | H23: =COUNTIF(H4:H21,"✓")/18 | I23: =COUNTIF(I4:I21,"✓")/18 | J23: =COUNTIF(J4:J21,"✓")/18 | ... W23: =COUNTIF(W4:W21,"✓")/18

Sheet Resumen y métricas
A1: RESUMEN Y MÉTRICAS — Dashboard de trazabilidad
A2: Se calculan con fórmulas sobre la hoja «Matriz principal».
A4: Total requisitos | B4: =COUNTA('Matriz principal'!A4:A21)
A5: Verificados | B5: =COUNTIF('Matriz principal'!N4:N21,"Verificado")
A6: Implementados sin verificar | B6: =COUNTIF('Matriz principal'!N4:N21,"Implementado")
A7: Aprobados, sin construir | B7: =COUNTIF('Matriz principal'!N4:N21,"Aprobado")
A8: Con pruebas fallidas | B8: =COUNTIF('Matriz principal'!L4:L21,"Falló*")
A9: Sin prueba | B9: =COUNTIF('Matriz principal'!L4:L21,"Sin prueba")
A10: Con necesidad asociada | B10: =COUNTIF('Matriz principal'!D4:D21,"NEG*")
A11: Con código | B11: =COUNTIF('Matriz principal'!I4:I21,"<>—")
A12: Alta prioridad | B12: =COUNTIF('Matriz principal'!F4:F21,"Alta")
A13: Media prioridad | B13: =COUNTIF('Matriz principal'!F4:F21,"Media")
A14: Baja prioridad | B14: =COUNTIF('Matriz principal'!F4:F21,"Baja")
A15: Alta prioridad verificada | B15: =COUNTIFS('Matriz principal'!F4:F21,"Alta",'Matriz principal'!N4:N21,"Verificado")
A16: Cobertura de código (%) | B16: =B11/B4
A17: Cobertura de pruebas (%) | B17: =1-B9/B4
A18: Hallazgos de auditoría abiertos | B18: 10
A20: ALERTAS — requisitos aprobados sin código en el prototipo
A21: ID Req. | B21: Título | C21: Prioridad | D21: Motivo
A22: HU-01 | B22: Registrar y actualizar tripulantes | C22: Alta | D22: Registro administrativo; no cambia la decisión de asignación que valida el prototipo (U3A2, sección 7.1).
A23: HU-02 | B23: Registrar y actualizar tripulaciones | C23: Alta | D23: Registro administrativo; fuera del alcance del prototipo (U3A2, sección 7.1).
A24: HU-03 | B24: Registrar y actualizar vuelos | C24: Alta | D24: Registro administrativo; fuera del alcance del prototipo (U3A2, sección 7.1).
A25: HU-09 | B25: Alertar simulación anual pendiente | C25: Media | D25: Alerta de simulación anual; requiere calendario y notificaciones (RFC-A3, CCB 13/10/2026).
A26: HU-10 | B26: Gestionar catálogo de escenarios | C26: Media | D26: Gestión del catálogo; el prototipo trae escenarios fijos.
A27: HU-11 | B27: Reportes históricos de desempeño | C27: Baja | D27: Reportes históricos; dependen del histórico de RFC-B1.
A28: HU-12 | B28: Notificación de cambio de asignación | C28: Baja | D28: Notificaciones; dependen de RFC-A2 (Sprint 5).
A29: RNF-03 | B29: Disponibilidad continua | C29: Media | D29: Disponibilidad 24/7; no medible en un prototipo local.
A30: RNF-04 | B30: Rendimiento en consultas | C30: Media | D30: Rendimiento; sin backend no hay tiempos reales que medir.
A31: RNF-05 | B31: Integridad de la sincronización con el simulador | C31: Media | D31: Sincronización con el simulador; el simulador es externo y el prototipo no se conecta.

Sheet Registro de RFCs
A1: REGISTRO DE SOLICITUDES DE CAMBIO (RFC) — CCB del 13/10/2026
A3: ID RFC | B3: Título del cambio | C3: Origen | D3: Prioridad | E3: Requisito(s) afectados | F3: Casos de prueba propuestos | G3: Decisión del CCB | H3: Votos | I3: Plazo | J3: Responsable | K3: Estado
A4: RFC-A3 | B4: Bloquear la asignación de pilotos no aptos a vuelos críticos | C4: Actividad 4, nivel inicial · Dirección de Seguridad Operacional | D4: Crítica | E4: HU-07, HU-08, HU-09, RNF-01 | F4: TC-HU08-08, TC-HU08-09, TC-RNF01-05 | G4: Aprobada | H4: 5 a favor, 0 en contra, 0 abstenciones | I4: Extraordinaria: antes del Sprint 4 (hasta 16/10/2026) | J4: Tech Lead | K4: Aprobada, pendiente de implementación
A5: RFC-A1 | B5: Alerta de clima extremo en la comparación de escenarios | C5: Caso A1 · Cap. Ricardo Méndez (correo electrónico) | D5: Alta | E5: HU-03, HU-05, HU-07, HU-10 | F5: TC-HU03-05, TC-HU07-10, TC-HU07-11, TC-HU10-04 | G5: Aprobada | H5: 5 a favor, 0 en contra, 0 abstenciones | I5: Sprint 4 (26/10/2026 – 06/11/2026) | J5: Tech Lead | K5: Aprobada, pendiente de implementación
A6: RFC-A2 | B6: Notificación automática de la asignación por Teams y correo | C6: Caso A2 · Gerencia de Gestión Operativa (Informe de Gestión) | D6: Media | E6: HU-08, HU-12, RNF-02 | F6: TC-HU08-07, TC-HU12-03, TC-RNF02-04 | G6: Aprobada con condiciones | H6: 4 a favor, 0 en contra, 1 abstención | I6: Sprint 5 (09/11/2026 – 20/11/2026) | J6: Tech Lead | K6: Aprobada, pendiente de implementación
A7: RFC-C4 | B7: Más frecuencia de simulaciones por piloto y escenario | C7: Actividad 3, nivel avanzado · Dirección de Entrenamiento | D7: Alta | E7: HU-06, HU-09, HU-11 | F7: TC-HU09-04, TC-HU06-05 | G7: Aprobada (prioridad sobre RFC-C3) | H7: 3 a favor, 2 en contra, 0 abstenciones | I7: Sprint 4 (26/10/2026 – 06/11/2026) | J7: Product Owner | K7: Aprobada, pendiente de implementación
A8: RFC-B1 | B8: Puntuación por promedio de las últimas 3 simulaciones | C8: Caso B1 · Ing. Sofía Valdés (memorando de QA) | D8: Alta | E8: HU-06, HU-07, HU-08, HU-11, RNF-02, RNF-05 | F8: TC-HU06-03, TC-HU07-12, TC-HU07-14, TC-HU08-10, TC-HU11-05, TC-RNF05-03 | G8: Aprobada (paquete PAQ-01 con RFC-C2) | H8: 5 a favor, 0 en contra, 0 abstenciones | I8: Sprints 4 a 5 (26/10/2026 – 20/11/2026) | J8: Tech Lead | K8: Aprobada, pendiente de implementación
A9: RFC-C2 | B9: Alineación con NAC-2026: certificación por estabilidad de competencias | C9: Caso C2 · Autoridad de Aviación Civil (circular) | D9: Alta | E9: HU-06, HU-07, HU-08, HU-11, RNF-02 | F9: TC-HU07-13, TC-HU08-11, TC-REG-01, TC-HU11-06 | G9: Aprobada (paquete PAQ-01 con RFC-B1) | H9: 5 a favor, 0 en contra, 0 abstenciones | I9: Sprints 4 a 6 (26/10/2026 – 04/12/2026) | J9: Tech Lead | K9: Aprobada, pendiente de implementación
A10: RFC-B2 | B10: Fórmula híbrida 70 % simulación y 30 % horas reales | G10: Aplazada | H10: 2 a favor, 2 en contra, 1 abstención | K10: Empate sin mayoría. Faltan las horas de vuelo por piloto (hoy se guardan por tripulación) y Cumplimiento debe confirmar que no contradice NAC-2026.
A11: RFC-B3 | B11: Eliminar la validación manual del operador | G11: Rechazada | H11: 1 a favor, 4 en contra, 0 abstenciones | K11: El riesgo de seguridad supera el beneficio de eficiencia. Se podrá presentar una RFC nueva de validación por excepción cuando RFC-A3 y RFC-A1 estén en producción.
A12: RFC-C1 | B12: IA predictiva de escenarios | G12: Rechazada | H12: 0 a favor, 4 en contra, 1 abstención | K12: Modelo de caja negra que no se puede justificar ante auditorías, y no hay datos etiquetados para entrenarlo.
A13: RFC-C3 | B13: Mejora de la interfaz de consulta | G13: Aplazada | H13: Se priorizó RFC-C4 (3 a 2) | K13: No tiene efecto en seguridad ni cumplimiento. Se revisa al terminar el Sprint 6.

Sheet Catálogo de artefactos
A1: CATÁLOGO DE ARTEFACTOS — metadatos
A3: ID Artefacto | B3: Nombre | C3: Tipo | D3: Versión | E3: Estado final | F3: Autor | G3: Revisor | H3: Fecha de cierre | I3: Artefactos relacionados | J3: Archivos | K3: En git
A4: TRI-PBL-001 | B4: Product Backlog | C4: Product Backlog (18 ítems) | D4: 1.0 | E4: Aprobado, 1 iteración | F4: Federico Márquez | G4: Pendiente (docente) | H4: 2026-10-13 | I4: TRI-RFC-002, TRI-PRO-003, TRI-MTZ-007 | J4: Backlog/Product_backlog.html Backlog/Product_backlog.reqw | K4: Sí
A5: TRI-RFC-002 | B5: Solicitudes de cambio | C5: RFC (10 solicitudes) | D5: 1.0 | E5: Entregado, 1 iteración. Decisiones tomadas en TRI-CCB-006 | F5: Federico Márquez | G5: Pendiente (docente) | H5: 2026-10-13 | I5: TRI-PBL-001, TRI-CCB-006, TRI-DOC-005 | J5: U3A1-RFC/RFC_Solicitudes_de_Cambio.pdf U3A1-RFC/RFC_Solicitudes_de_Cambio.docx | K5: Sí
A6: TRI-PRO-003 | B6: Prototipo de baja fidelidad | C6: Prototipo (HTML) | D6: 0.2 | E6: Validado con 30 pruebas automáticas; 7 defectos abiertos (DEF-01, DEF-06 a DEF-11) | F6: Federico Márquez | G6: Pendiente (docente) | H6: 2026-10-13 | I6: TRI-PBL-001, TRI-PRU-004, TRI-DOC-005, TRI-MTZ-007 | J6: U3A2-Prototipado/prototipo/index.html | K6: Sí
A7: TRI-PRU-004 | B7: Pruebas del prototipo | C7: Casos de prueba automatizados | D7: 1.0 | E7: 30 de 30 aprobadas | F7: Federico Márquez | G7: Pendiente (docente) | H7: 2026-10-14 | I7: TRI-PRO-003, TRI-PBL-001, TRI-MTZ-007 | J7: U3A2-Prototipado/pruebas/test_prototipo.py U3A2-Prototipado/pruebas/resultados_pruebas.json U3A2-Prototipado/pruebas/ruta_usuario.py U3A2-Prototipado/pruebas/ruta_usuario.json U3A2-Prototipado/pruebas/prototipo_v0.1_evidencia.html U3A2-Prototipado/pruebas/capturas U3A2-Prototipado/pruebas/capturas_v01 | K7: Sí
A8: TRI-DOC-005 | B8: Prototipado y CCB (U3A2) | C8: Informe | D8: 1.0 | E8: Entregado, 1 iteración | F8: Federico Márquez | G8: Pendiente (docente) | H8: 2026-10-14 | I8: TRI-PRO-003, TRI-PRU-004, TRI-CCB-006, TRI-RFC-002 | J8: U3A2-Prototipado/U3A2_Prototipado_CCB_Federico_Marquez.pdf U3A2-Prototipado/U3A2_Prototipado_CCB_Federico_Marquez.docx | K8: Sí
A9: TRI-CCB-006 | B9: Decisiones del CCB | C9: Acta del CCB (datos) | D9: 1.0 | E9: Reunión simulada del 13/10/2026; 6 RFC aprobadas, 4 sin aprobar | F9: Federico Márquez | G9: Pendiente (docente) | H9: 2026-10-13 | I9: TRI-RFC-002, TRI-DOC-005, TRI-MTZ-007 | J9: U3A2-Prototipado/trazabilidad/cambios_aprobados.json | K9: Sí
A10: TRI-MTZ-007 | B10: Matriz de trazabilidad | C10: Matriz de trazabilidad (generada) | D10: 1.0 | E10: Generada por script; auditada en TRI-AUD-008 | F10: Federico Márquez | G10: Pendiente (docente) | H10: 2026-10-15 | I10: TRI-PBL-001, TRI-PRO-003, TRI-PRU-004, TRI-CCB-006, TRI-AUD-008, TRI-SCR-009 | J10: U4A1-Trazabilidad/Matriz_trazabilidad.xlsx U3A2-Prototipado/trazabilidad/Matriz_trazabilidad.md U3A2-Prototipado/trazabilidad/Matriz_trazabilidad.csv | K10: Sí
A11: TRI-AUD-008 | B11: Auditoría de trazabilidad | C11: Informe de auditoría (generado) | D11: 1.0 | E11: Realizada; hallazgos abiertos con responsable | F11: Federico Márquez | G11: Pendiente (docente) | H11: 2026-10-15 | I11: TRI-MTZ-007, TRI-SCR-009, TRI-PBL-001 | J11: U4A1-Trazabilidad/Auditoria_trazabilidad.md U4A1-Trazabilidad/U4A1_Trazabilidad_Federico_Marquez.pdf U4A1-Trazabilidad/U4A1_Trazabilidad_Federico_Marquez.docx | K11: Sí
A12: TRI-SCR-009 | B12: Herramienta de trazabilidad | C12: Script (Python) | D12: 1.0 | E12: Operativa | F12: Federico Márquez | G12: Pendiente (docente) | H12: 2026-10-15 | I12: TRI-MTZ-007, TRI-AUD-008, TRI-CCB-006 | J12: U4A1-Trazabilidad/herramienta.py U3A2-Prototipado/trazabilidad/generar_matriz.py U4A1-Trazabilidad/necesidades.json U4A1-Trazabilidad/catalogo_artefactos.json | K12: Sí

Sheet Auditoría
A1: AUDITORÍA DE TRAZABILIDAD END-TO-END
A3: ID | B3: Tipo de ruptura | C3: Elemento | D3: Detalle | E3: Estado | F3: Severidad | G3: Responsable | H3: Acción
A4: AUD-01 | B4: RFC → prueba | C4: RFC-A3 | D4: 3 casos de prueba propuestos sin implementar (TC-HU08-08, TC-HU08-09, TC-RNF01-05). | E4: Abierto | F4: Alto | G4: QA Lead | H4: Escribirlos al construir el cambio. Plazo: Extraordinaria: antes del Sprint 4 (hasta 16/10/2026).
A5: AUD-02 | B5: Artefacto ausente | C5: M-02 | D5: El Vision Board (fuente de las necesidades NEG-01 a NEG-05) no está en el repositorio propio. | E5: Abierto | F5: Medio | G5: Autor | H5: Agregar el Vision Board como artefacto TRI-VIS y enlazarlo desde las necesidades.
A6: AUD-03 | B6: Backlog desactualizado | C6: M-03 | D6: El backlog (v1.0) no refleja las decisiones del CCB del 13/10/2026 (por ejemplo, el promedio de 3 simulaciones de RFC-B1 y el motivo obligatorio de RFC-A3). | E6: Abierto | F6: Medio | G6: Analista de requisitos | H6: Publicar backlog v1.1 con los criterios de aceptación de las RFC aprobadas.
A7: AUD-04 | B7: Código → requisito | C7: vEvaluacion | D7: La función vEvaluacion del prototipo no tiene marca @trace: implementa una pantalla sin requisito en el backlog (consulta de escenarios y evaluación del piloto, que el caso describe). | E7: Abierto | F7: Medio | G7: Analista de requisitos | H7: Agregar una historia de usuario al backlog para la consulta de escenarios y marcar la función.
A8: AUD-05 | B8: RFC → prueba | C8: RFC-A1 | D8: 4 casos de prueba propuestos sin implementar (TC-HU03-05, TC-HU07-10, TC-HU07-11, TC-HU10-04). | E8: Abierto | F8: Medio | G8: QA Lead | H8: Escribirlos al construir el cambio. Plazo: Sprint 4 (26/10/2026 – 06/11/2026).
A9: AUD-06 | B9: RFC → prueba | C9: RFC-A2 | D9: 3 casos de prueba propuestos sin implementar (TC-HU08-07, TC-HU12-03, TC-RNF02-04). | E9: Abierto | F9: Medio | G9: QA Lead | H9: Escribirlos al construir el cambio. Plazo: Sprint 5 (09/11/2026 – 20/11/2026).
A10: AUD-07 | B10: RFC → prueba | C10: RFC-C4 | D10: 2 casos de prueba propuestos sin implementar (TC-HU09-04, TC-HU06-05). | E10: Abierto | F10: Medio | G10: QA Lead | H10: Escribirlos al construir el cambio. Plazo: Sprint 4 (26/10/2026 – 06/11/2026).
A11: AUD-08 | B11: RFC → prueba | C11: RFC-B1 | D11: 6 casos de prueba propuestos sin implementar (TC-HU06-03, TC-HU07-12, TC-HU07-14, TC-HU08-10, TC-HU11-05, TC-RNF05-03). | E11: Abierto | F11: Medio | G11: QA Lead | H11: Escribirlos al construir el cambio. Plazo: Sprints 4 a 5 (26/10/2026 – 20/11/2026).
A12: AUD-09 | B12: RFC → prueba | C12: RFC-C2 | D12: 4 casos de prueba propuestos sin implementar (TC-HU07-13, TC-HU08-11, TC-REG-01, TC-HU11-06). | E12: Abierto | F12: Medio | G12: QA Lead | H12: Escribirlos al construir el cambio. Plazo: Sprints 4 a 6 (26/10/2026 – 04/12/2026).
A13: AUD-10 | B13: Contradicción entre fuentes | C13: M-01 | D13: El caso de estudio dice que el resultado nuevo elimina el anterior; el criterio de aceptación de HU-06 lo conserva en el historial. RFC-B1 adopta la versión con historial. | E13: Cerrado | F13: Medio | G13: Analista de requisitos | H13: Resuelto en RFC-B1 (U3A1) y verificado en la prueba P22.
A14: AUD-11 | B14: Requisito → código | C14: HU-01 Registrar y actualizar tripulantes | D14: Sin código en el prototipo. Registro administrativo; no cambia la decisión de asignación que valida el prototipo (U3A2, sección 7.1). | E14: Aceptado (fuera de alcance) | F14: Medio | G14: Product Owner | H14: Planificar su construcción tras el prototipo.
... A24: AUD-21 | B24: Requisito → código | C24: RNF-05 Integridad de la sincronización con el simulador | D24: Sin código en el prototipo. Sincronización con el simulador; el simulador es externo y el prototipo no se conecta. | E24: Aceptado (fuera de alcance) | F24: Bajo | G24: Product Owner | H24: Planificar su construcción tras el prototipo.
